{"data_time": 0.002749703500001033, "eta_seconds": 2237.663952236634, "iteration": 19, "loss_fcos_cls": 1.3505491018295288, "loss_fcos_ctr": 0.7166087031364441, "loss_fcos_loc": 0.9794324040412903, "loss_mask": 0.6929523050785065, "loss_maskiou": 0.13239721953868866, "lr": 6.99335e-06, "mask_rcnn/accuracy": 0.4952168367346939, "mask_rcnn/false_negative": 0.5737643416153788, "mask_rcnn/false_positive": 0.4470266493593673, "roi_head/num_bg_samples": 84.0, "roi_head/num_fg_samples": 1.0, "time": 0.5351982665000321, "total_loss": 3.865598253905773}